left_feature,right_feature,n,rho,p_value
V_max,particle_norm_mean,81,0.6259293890844787,4.144221338910567e-10
V_max,particle_norm_range,81,0.47540687070776333,7.293304266108697e-06
V_max,particle_norm_std,81,0.4587173142166009,1.6560900248447577e-05
coulombic_efficiency_pct,particle_norm_mean,81,-0.455738797087193,1.908585008237623e-05
capacity_mAh,particle_norm_mean,81,0.45390951846657546,2.0810225758602482e-05
V_max,mean_abs_delta_prev,80,-0.24991813751331696,0.025367395390061387
V_max,max_abs_delta_prev,80,-0.23792407443801286,0.033571165972683226
capacity_mAh,particle_norm_range,81,0.20744362516707748,0.06313443667774095
capacity_mAh,mean_abs_delta_prev,80,-0.19885254836574678,0.07701007709371153
capacity_mAh,particle_norm_std,81,0.19482946493910874,0.08134136540282727
capacity_mAh,max_abs_delta_prev,80,-0.18330187034582984,0.10362664454106574
coulombic_efficiency_pct,particle_norm_range,81,-0.18169807699980642,0.1045017936791049
coulombic_efficiency_pct,max_abs_delta_prev,80,0.18215802092089486,0.10583725383750343
coulombic_efficiency_pct,particle_norm_std,81,-0.16023125695409485,0.1530278266693744
coulombic_efficiency_pct,mean_delta_prev,80,-0.13741209563994375,0.22418184370024208
coulombic_efficiency_pct,mean_abs_delta_prev,80,0.12795433634969103,0.2580117423191129
V_min,mean_delta_prev,80,0.10568514610831238,0.35081179545996055
V_min,particle_norm_range,81,-0.09067581325285766,0.42078594294564947
V_min,max_abs_delta_prev,80,-0.08735737473295298,0.44098820505715347
V_min,particle_norm_std,81,-0.08672348899766034,0.44139951958452767
V_max,mean_delta_prev,80,0.060801606344376,0.5921222405238231
V_min,particle_norm_mean,81,0.052204921019734084,0.6434665714500222
capacity_mAh,mean_delta_prev,80,0.025293014533520865,0.8237668866956667
V_min,mean_abs_delta_prev,80,0.005857639461426038,0.9588727806493159
