stratum,n_roi,n_event,n_control,event_fraction,front_quality_median,phase_ci_positive_fraction,fragmented_review_fraction
all_front_rois,52,24,28,0.46153846153846156,1.1713631203445254,0.5,0.3269230769230769
complete_threshold_sweep,52,24,28,0.46153846153846156,1.1713631203445254,0.5,0.3269230769230769
front_quality_top_half,26,20,6,0.7692307692307693,1.515699271023522,0.5769230769230769,0.3076923076923077
front_quality_top_quartile,13,8,5,0.6153846153846154,1.85813722649508,0.46153846153846156,0.3076923076923077
q70_phase_ci_excludes_zero,30,18,12,0.6,1.1713631203445254,0.8666666666666667,0.4
q70_phase_ci_positive,26,18,8,0.6923076923076923,1.25182713986658,1.0,0.46153846153846156
review_panel_selected,24,18,6,0.75,1.2825290987485947,0.75,0.7083333333333334
review_panel_not_fragmented,7,7,0,1.0,1.4367926892737708,0.8571428571428571,0.0
review_panel_no_auto_flags,5,5,0,1.0,1.5087951450912631,1.0,0.0
