{
  "cycle_frames_csv": "/scratch/<account>/<username>/Alek_Jiho/cycleFrames.csv",
  "downsample": 8,
  "event_cycles_sampled": [
    60.0,
    86.0,
    116.0,
    156.0
  ],
  "event_dir": "/scratch/<account>/<username>/Alek_Jiho/derived/particle_event_targets",
  "mean_roi_cv_event": 0.014493423979729414,
  "mean_roi_cv_neighbors": 0.015206346887030773,
  "mean_roi_fraction_event": 0.0628611111111111,
  "mean_roi_fraction_neighbors": 0.04103174603174604,
  "mean_stage_drift_xy_event": 0.17569013981058812,
  "mean_stage_drift_xy_neighbors": 0.1484703175284582,
  "n_event_rows": 4,
  "n_neighbor_rows": 7,
  "n_rows": 11,
  "particles_csv": "/scratch/<account>/<username>/Alek_Jiho/exampleParticles.csv",
  "rows": [
    {
      "average_intensity_sample_delta": 5.385833333332812,
      "average_intensity_sample_mean": 8054.488846064814,
      "background_mean": 7948.34765625,
      "background_std_time": 59.550437927246094,
      "brightness_threshold": 12202.284545898438,
      "contrast_cv_time": 0.042452123016119,
      "cycleNo": 86.0,
      "cycle_table_n_frames": 899.0,
      "dynamic_threshold": 837.0741729736328,
      "fallback_mask": true,
      "frame0_roi_mean": 9033.087890625,
      "frame_last_roi_mean": 9031.2568359375,
      "h5_total_frames": 9068,
      "is_event_cycle": true,
      "local_cycle_index": 1,
      "n_sampled_frames": 12,
      "n_segments_inferred": 10,
      "particle_event_count": 3,
      "preview_png": "/scratch/<account>/<username>/Alek_Jiho/derived/event_frame_proxy_qc/previews/cycle_86_10_c2_x10_030723_local1.png",
      "roi_background_contrast": 1231.0736083984375,
      "roi_cv_time": 0.012096425518393517,
      "roi_fraction": 0.08108333333333333,
      "roi_mean": 9179.4208984375,
      "roi_mean_delta_last_minus_first": -1.8310546875,
      "roi_std_time": 111.03817749023438,
      "sampled_first_frame": 906,
      "sampled_last_frame": 1812,
      "segment_end_frame": 1813,
      "segment_start_frame": 906,
      "source_stem": "10_c2_x10_030723",
      "stage_drift_xy_sampled": 0.2692582403567336,
      "stage_drift_z_sampled": 6.628180292874106
    },
    {
      "average_intensity_sample_delta": -0.1406666666671299,
      "average_intensity_sample_mean": 8067.896409722221,
      "background_mean": 8015.80322265625,
      "background_std_time": 61.16884994506836,
      "brightness_threshold": 12081.87158203125,
      "contrast_cv_time": 0.0398750975728035,
      "cycleNo": 88.0,
      "cycle_table_n_frames": 904.0,
      "dynamic_threshold": 784.1035003662109,
      "fallback_mask": true,
      "frame0_roi_mean": 9035.2470703125,
      "frame_last_roi_mean": 9032.859375,
      "h5_total_frames": 9068,
      "is_event_cycle": false,
      "local_cycle_index": 3,
      "n_sampled_frames": 12,
      "n_segments_inferred": 10,
      "particle_event_count": 0,
      "preview_png": "/scratch/<account>/<username>/Alek_Jiho/derived/event_frame_proxy_qc/previews/cycle_88_10_c2_x10_030723_local3.png",
      "roi_background_contrast": 1161.1339111328125,
      "roi_cv_time": 0.011679587885737419,
      "roi_fraction": 0.03983333333333333,
      "roi_mean": 9176.9375,
      "roi_mean_delta_last_minus_first": -2.3876953125,
      "roi_std_time": 107.18284606933594,
      "sampled_first_frame": 2720,
      "sampled_last_frame": 3626,
      "segment_end_frame": 3627,
      "segment_start_frame": 2720,
      "source_stem": "10_c2_x10_030723",
      "stage_drift_xy_sampled": 0.14142135623734164,
      "stage_drift_z_sampled": 6.143505140766138
    },
    {
      "average_intensity_sample_delta": -4.818972222222328,
      "average_intensity_sample_mean": 8064.660097222222,
      "background_mean": 8035.02001953125,
      "background_std_time": 65.47750854492188,
      "brightness_threshold": 11958.28662109375,
      "contrast_cv_time": 0.03166913613677025,
      "cycleNo": 90.0,
      "cycle_table_n_frames": 902.0,
      "dynamic_threshold": 609.4349517822266,
      "fallback_mask": true,
      "frame0_roi_mean": 8412.314453125,
      "frame_last_roi_mean": 8402.576171875,
      "h5_total_frames": 9068,
      "is_event_cycle": false,
      "local_cycle_index": 5,
      "n_sampled_frames": 12,
      "n_segments_inferred": 10,
      "particle_event_count": 0,
      "preview_png": "/scratch/<account>/<username>/Alek_Jiho/derived/event_frame_proxy_qc/previews/cycle_90_10_c2_x10_030723_local5.png",
      "roi_background_contrast": 444.4853515625,
      "roi_cv_time": 0.006971529219299555,
      "roi_fraction": 0.05330555555555556,
      "roi_mean": 8479.5048828125,
      "roi_mean_delta_last_minus_first": -9.73828125,
      "roi_std_time": 59.115116119384766,
      "sampled_first_frame": 4534,
      "sampled_last_frame": 5439,
      "segment_end_frame": 5440,
      "segment_start_frame": 4534,
      "source_stem": "10_c2_x10_030723",
      "stage_drift_xy_sampled": 0.14142135623734164,
      "stage_drift_z_sampled": 4.838324585903024
    },
    {
      "average_intensity_sample_delta": -4.832902777778145,
      "average_intensity_sample_mean": 8043.1620532407405,
      "background_mean": 7942.27197265625,
      "background_std_time": 58.82891845703125,
      "brightness_threshold": 12450.398315429688,
      "contrast_cv_time": 0.037112489342689514,
      "cycleNo": 116.0,
      "cycle_table_n_frames": 892.0,
      "dynamic_threshold": 666.6866302490234,
      "fallback_mask": true,
      "frame0_roi_mean": 8900.09765625,
      "frame_last_roi_mean": 8881.5947265625,
      "h5_total_frames": 5458,
      "is_event_cycle": true,
      "local_cycle_index": 1,
      "n_sampled_frames": 12,
      "n_segments_inferred": 6,
      "particle_event_count": 3,
      "preview_png": "/scratch/<account>/<username>/Alek_Jiho/derived/event_frame_proxy_qc/previews/cycle_116_13_c2_x6_100723_local1.png",
      "roi_background_contrast": 1054.6453857421875,
      "roi_cv_time": 0.010875847190618515,
      "roi_fraction": 0.09002777777777778,
      "roi_mean": 8996.9169921875,
      "roi_mean_delta_last_minus_first": -18.5029296875,
      "roi_std_time": 97.84909057617188,
      "sampled_first_frame": 909,
      "sampled_last_frame": 1818,
      "segment_end_frame": 1819,
      "segment_start_frame": 909,
      "source_stem": "13_c2_x6_100723",
      "stage_drift_xy_sampled": 0.14142135623734164,
      "stage_drift_z_sampled": 5.508583311743337
    },
    {
      "average_intensity_sample_delta": -8.769666666667035,
      "average_intensity_sample_mean": 8044.508784722223,
      "background_mean": 7986.845703125,
      "background_std_time": 61.097068786621094,
      "brightness_threshold": 12443.380981445312,
      "contrast_cv_time": 0.04428328201174736,
      "cycleNo": 118.0,
      "cycle_table_n_frames": 899.0,
      "dynamic_threshold": 708.4815826416016,
      "fallback_mask": true,
      "frame0_roi_mean": 8923.4853515625,
      "frame_last_roi_mean": 8900.841796875,
      "h5_total_frames": 5458,
      "is_event_cycle": false,
      "local_cycle_index": 3,
      "n_sampled_frames": 12,
      "n_segments_inferred": 6,
      "particle_event_count": 0,
      "preview_png": "/scratch/<account>/<username>/Alek_Jiho/derived/event_frame_proxy_qc/previews/cycle_118_13_c2_x6_100723_local3.png",
      "roi_background_contrast": 1068.409912109375,
      "roi_cv_time": 0.011957503855228424,
      "roi_fraction": 0.04883333333333333,
      "roi_mean": 9055.2548828125,
      "roi_mean_delta_last_minus_first": -22.6435546875,
      "roi_std_time": 108.27824401855469,
      "sampled_first_frame": 2729,
      "sampled_last_frame": 3637,
      "segment_end_frame": 3638,
      "segment_start_frame": 2729,
      "source_stem": "13_c2_x6_100723",
      "stage_drift_xy_sampled": 0.2500000000000227,
      "stage_drift_z_sampled": 4.461896965862479
    },
    {
      "average_intensity_sample_delta": 329.05031944444545,
      "average_intensity_sample_mean": 8148.695821759259,
      "background_mean": 8118.61083984375,