{
  "best_by_target_transform": [
    {
      "average_precision": 0.6611004270978614,
      "direction": "higher_in_positive",
      "feature": "mask_area_fraction_iqr",
      "median_negative": 0.0053304036458333,
      "median_positive": 0.0086805555555555,
      "median_positive_minus_negative": 0.0033501519097222003,
      "mwu_p": 0.0011732693762708396,
      "n": 106,
      "n_positive": 54,
      "oriented_auc": 0.683048433048433,
      "raw_source_eta2": 0.3839107963796472,
      "source_eta2_after_transform": 0.3839107963796472,
      "spearman_p": 0.000929534124392883,
      "spearman_rho": 0.3170172356667871,
      "target": "clean_pre_1_16_vs_post_control",
      "transform": "raw"
    },
    {
      "average_precision": 0.5699404401048049,
      "direction": "higher_in_positive",
      "feature": "front_radius_q80_median_px",
      "median_negative": -1.3499999999999996,
      "median_positive": -0.20000000000000018,
      "median_positive_minus_negative": 1.1499999999999995,
      "mwu_p": 0.010219887620032099,
      "n": 106,
      "n_positive": 54,
      "oriented_auc": 0.6447649572649572,
      "raw_source_eta2": 0.18760524310145266,
      "source_eta2_after_transform": 4.3206642759263126e-33,
      "spearman_p": 0.009467233902238043,
      "spearman_rho": 0.25094901686986604,
      "target": "clean_pre_1_16_vs_post_control",
      "transform": "source_residual"
    },
    {
      "average_precision": 0.6106469304687059,
      "direction": "higher_in_positive",
      "feature": "front_radius_q70_delta_px",
      "median_negative": 0.0,
      "median_positive": 0.09999999999999998,
      "median_positive_minus_negative": 0.09999999999999998,
      "mwu_p": 0.0939172735649269,
      "n": 106,
      "n_positive": 54,
      "oriented_auc": 0.593482905982906,
      "raw_source_eta2": 0.11678601772059717,
      "source_eta2_after_transform": 0.004390072582533365,
      "spearman_p": 0.09342306856822188,
      "spearman_rho": 0.16378366654402812,
      "target": "clean_pre_1_16_vs_post_control",
      "transform": "within_source_rank"
    },
    {
      "average_precision": 0.700132450814629,
      "direction": "higher_in_positive",
      "feature": "mask_area_fraction_iqr",
      "median_negative": 0.0053304036458333,
      "median_positive": 0.00809733072916665,
      "median_positive_minus_negative": 0.0027669270833333504,
      "mwu_p": 0.003229237969373131,
      "n": 128,
      "n_positive": 76,
      "oriented_auc": 0.6537196356275303,
      "raw_source_eta2": 0.3839107963796472,
      "source_eta2_after_transform": 0.3839107963796472,
      "spearman_p": 0.0028628024948061733,
      "spearman_rho": 0.26154437898322114,
      "target": "clean_pre_1_32_vs_post_control",
      "transform": "raw"
    },
    {
      "average_precision": 0.6602161907948003,
      "direction": "higher_in_positive",
      "feature": "front_radius_q80_median_px",
      "median_negative": -1.3499999999999996,
      "median_positive": -0.20000000000000018,
      "median_positive_minus_negative": 1.1499999999999995,
      "mwu_p": 0.021334977981842588,
      "n": 128,
      "n_positive": 76,
      "oriented_auc": 0.6200657894736841,
      "raw_source_eta2": 0.18760524310145266,
      "source_eta2_after_transform": 4.3206642759263126e-33,
      "spearman_p": 0.020595808545488703,
      "spearman_rho": 0.2044852484796866,
      "target": "clean_pre_1_32_vs_post_control",
      "transform": "source_residual"
    },
    {
      "average_precision": 0.6386427990131849,
      "direction": "higher_in_positive",
      "feature": "temporal_energy_late_minus_early",
      "median_negative": 0.0,
      "median_positive": 0.09999999999999998,
      "median_positive_minus_negative": 0.09999999999999998,
      "mwu_p": 0.20394241825504877,
      "n": 128,
      "n_positive": 76,
      "oriented_auc": 0.5661690283400809,
      "raw_source_eta2": 0.28233130688118036,
      "source_eta2_after_transform": 0.002220577350111029,
      "spearman_p": 0.20431087186479924,
      "spearman_rho": 0.11294566969148949,
      "target": "clean_pre_1_32_vs_post_control",
      "transform": "within_source_rank"
    },
    {
      "average_precision": 0.7485611143193457,
      "direction": "higher_in_positive",
      "feature": "masked_minus_background_mean_slope",
      "median_negative": 0.0015871043427433998,
      "median_positive": 0.00722449220184075,
      "median_positive_minus_negative": 0.0056373878590973495,
      "mwu_p": 5.477778402004225e-06,
      "n": 84,
      "n_positive": 32,
      "oriented_auc": 0.796875,
      "raw_source_eta2": 0.5781004525786195,
      "source_eta2_after_transform": 0.5781004525786195,
      "spearman_p": 1.3224420864296609e-06,
      "spearman_rho": 0.4994504421392406,
      "target": "clean_pre_1_8_vs_post_control",
      "transform": "raw"
    },
    {
      "average_precision": 0.6654141862012081,
      "direction": "higher_in_positive",
      "feature": "front_radius_q60_slope_px_per_norm_time",
      "median_negative": -0.1193084192439861,
      "median_positive": 0.41939432989690717,
      "median_positive_minus_negative": 0.5387027491408932,
      "mwu_p": 0.0828374251588063,
      "n": 41,
      "n_positive": 21,
      "oriented_auc": 0.6595238095238095,
      "raw_source_eta2": 0.2812613722951844,
      "source_eta2_after_transform": 3.0448525348348638e-33,
      "spearman_p": 0.08034047121950535,
      "spearman_rho": 0.2763033431121781,
      "target": "clean_pre_1_8_vs_post_control",
      "transform": "source_residual"
    },
    {
      "average_precision": 0.47884734564371806,
      "direction": "higher_in_positive",
      "feature": "front_radius_q70_slope_px_per_norm_time",
      "median_negative": 0.0357142857142857,
      "median_positive": 0.2142857142857143,
      "median_positive_minus_negative": 0.1785714285714286,
      "mwu_p": 0.30644687902289425,
      "n": 43,
      "n_positive": 19,
      "oriented_auc": 0.5921052631578948,
      "raw_source_eta2": 0.3379626708409469,
      "source_eta2_after_transform": 0.02356582140451868,
      "spearman_p": 0.3063069708577665,
      "spearman_rho": 0.15970824875458778,
      "target": "clean_pre_1_8_vs_post_control",
      "transform": "within_source_rank"
    },
    {
      "average_precision": 0.8154888837005645,
      "direction": "higher_in_positive",
      "feature": "masked_minus_background_mean_slope",
      "median_negative": 0.00363188186905235,
      "median_positive": 0.00722449220184075,
      "median_positive_minus_negative": 0.0035926103327883997,
      "mwu_p": 0.0037803036159129795,
      "n": 54,
      "n_positive": 32,
      "oriented_auc": 0.734375,
      "raw_source_eta2": 0.5781004525786195,
      "source_eta2_after_transform": 0.5781004525786195,
      "spearman_p": 0.002802583954589965,
      "spearman_rho": 0.39899638244919855,
      "target": "near_pre_vs_far_pre",
      "transform": "raw"
    },
    {
      "average_precision": 0.6481870150459463,
      "direction": "higher_in_positive",
      "feature": "apparent_diffusion_q70_px2_per_norm_time",
      "median_negative": -6.095790378006872,
      "median_positive": 1.9956507731958766,
      "median_positive_minus_negative": 8.091441151202748,
      "mwu_p": 0.07690984017457218,
      "n": 34,
      "n_positive": 19,
      "oriented_auc": 0.6807017543859649,
      "raw_source_eta2": 0.20786015276907482,
      "source_eta2_after_transform": 1.662251873572738e-33,
      "spearman_p": 0.07346046889697189,
      "spearman_rho": 0.31094561015818534,
      "target": "near_pre_vs_far_pre",
      "transform": "source_residual"
    },
    {
      "average_precision": 0.6165924143767947,
      "direction": "higher_in_positive",
      "feature": "front_radius_q70_slope_px_per_norm_time",
      "median_negative": 0.16666666666666663,
      "median_positive": 0.2142857142857143,
      "median_positive_minus_negative": 0.04761904761904767,
      "mwu_p": 0.2790594567317215,
      "n": 34,
      "n_positive": 19,