target,feature,n_positive,n_negative,median_positive,median_negative,median_positive_minus_negative,positive_fraction_positive,positive_fraction_negative,mannwhitney_p
future_any_drop_within_8cycles,apparent_D_h5median_px0p08_um2_per_s,36,36,-1.3614643222944665e-07,3.036838207812635e-07,-4.3983025301071016e-07,0.4722222222222222,0.5555555555555556,0.17474756355189647
future_any_drop_within_8cycles,apparent_D_h5median_px0p096_um2_per_s,36,36,-1.9605086241040315e-07,4.373047019250194e-07,-6.333555643354226e-07,0.4722222222222222,0.5555555555555556,0.17474756355189647
future_any_drop_within_8cycles,apparent_D_h5median_px0p12_um2_per_s,36,36,-3.063294725162549e-07,6.832885967578428e-07,-9.896180692740978e-07,0.4722222222222222,0.5555555555555556,0.17474756355189647
future_any_drop_within_8cycles,roi_elapsed_to_h5_median_ratio,36,36,1.0017438682032291,1.0014417420044626,0.00030212619876657243,1.0,1.0,0.1891591927064663
future_any_drop_within_8cycles,apparent_D_h5_timing_envelope_abs_min_um2_per_s,36,36,2.7086881877345055e-07,3.9810344786631275e-07,-1.272346290928622e-07,1.0,1.0,0.31346650120558506
future_any_drop_within_8cycles,apparent_D_h5median_abs_um2_per_s,36,36,2.510010963645665e-06,2.611276262098172e-06,-1.0126529845250691e-07,1.0,1.0,0.37664777306231634
future_any_drop_within_8cycles,apparent_D_h5_timing_envelope_abs_max_um2_per_s,36,36,2.904912510200425e-06,2.974059202758566e-06,-6.914669255814079e-08,1.0,1.0,0.3827571368216539
future_any_drop_within_8cycles,h5_dt_max_to_median_ratio,36,36,13.75745087739935,13.736323266163534,0.021127611235815635,1.0,1.0,0.4636380890847961
