target,feature,n_positive,n_negative,median_positive,median_negative,median_positive_minus_negative,positive_fraction_positive,positive_fraction_negative,mannwhitney_p
future_any_drop_within_8cycles,roi_elapsed_to_h5_median_ratio,252,252,1.0017438682032291,1.0014417420044626,0.00030212619876657243,1.0,1.0,0.0004486817243755176
future_any_drop_within_8cycles,apparent_D_h5median_px0p08_um2_per_s,252,252,-9.68660718505044e-08,5.387982637650166e-07,-6.356643356155211e-07,0.4880952380952381,0.5873015873015873,0.008491507820244994
future_any_drop_within_8cycles,apparent_D_h5median_px0p096_um2_per_s,252,252,-1.3948714346472635e-07,7.758694998216239e-07,-9.153566432863503e-07,0.4880952380952381,0.5873015873015873,0.008491507820244994
future_any_drop_within_8cycles,apparent_D_h5median_px0p12_um2_per_s,252,252,-2.1794866166363489e-07,1.2122960934712872e-06,-1.430244755134922e-06,0.4880952380952381,0.5873015873015873,0.008491507820244994
future_any_drop_within_8cycles,apparent_D_h5_timing_envelope_abs_min_um2_per_s,252,252,2.9463487159258073e-07,4.259441009285977e-07,-1.3130922933601695e-07,1.0,1.0,0.04439104693702907
future_any_drop_within_8cycles,h5_dt_max_to_median_ratio,252,252,13.75745087739935,13.736323266163534,0.021127611235815635,1.0,1.0,0.049304845933522704
future_any_drop_within_8cycles,apparent_D_h5median_abs_um2_per_s,252,252,2.3487342472738677e-06,2.4653699006151198e-06,-1.1663565334125213e-07,1.0,1.0,0.076222644183832
future_any_drop_within_8cycles,apparent_D_h5_timing_envelope_abs_max_um2_per_s,252,252,2.6927777139974887e-06,2.8470476715791552e-06,-1.5426995758166654e-07,1.0,1.0,0.07775539045652541
