target,prefix_fraction,observed_mean_auc,n_permutations,null_mean_auc,null_p95_auc,empirical_p_ge_observed
is_event_roi,0.25,0.5729166666666666,500,0.5067076698103483,0.6870960884353741,0.28542914171656686
is_event_enriched_mode,0.75,0.6357104700854701,500,0.5042661274770204,0.7126594065656565,0.18363273453093812
front_positive_residual_binary,0.75,0.6868055555555556,500,0.4922943355024605,0.6562996031746031,0.02594810379241517
