k,silhouette,inertia
2,0.28480402421444967,3275.9144438028784
3,0.28500850959123664,2839.624991968932
4,0.28946038050927647,2433.4057243441657
5,0.288260970736688,2143.6162789860628
