method,distance_feature,n_roi,median_distance_to_transition,null_median_distance_mean,null_median_distance_p05,empirical_p_distance_le_observed
low_rank_dmd,weighted_center_distance_to_transition_frac,48,0.08713952670913355,0.250179179214578,0.1923528464509054,0.0001999600079984003
persistence,weighted_center_distance_to_transition_frac,48,0.1561093381717489,0.25171333481864505,0.19163428497961957,0.003599280143971206
velocity,weighted_center_distance_to_transition_frac,48,0.17023165931793613,0.25069651124612613,0.1914964409969901,0.01219756048790242
low_rank_dmd,peak_distance_to_transition_frac,48,0.42105263157894735,0.43930093935914966,0.33389315714560747,0.3997200559888022
persistence,peak_distance_to_transition_frac,48,0.3176570458404075,0.32884619827203676,0.23156422183109543,0.4411117776444711
velocity,peak_distance_to_transition_frac,48,0.32359932088285226,0.3119283476369803,0.22192701402625248,0.590881823635273
