echem_pc1_tertile,n_cycles,median_cycle,median_capacity_mAh,median_echem_outlier_score,median_cross_modal_score,mean_modal_votes,abrupt_drop_rate,sync_drop_rate,future8_rate,median_frame_percentile,echem_ce_extreme_or_missing_rate
pc1_mid,29,102.0,0.6391710499937513,0.47407407407407404,0.5422862555202171,1.0,0.10344827586206896,0.034482758620689655,0.3793103448275862,0.4382022471910112,0.27586206896551724
pc1_high,30,53.0,0.6455714766959801,0.37283950617283945,0.5269314950377685,1.0,0.0,0.0,0.16666666666666666,0.42134831460674155,0.03333333333333333
pc1_low,30,135.0,0.8517457423452671,0.6777777777777778,0.429319305285839,0.8333333333333334,0.03333333333333333,0.03333333333333333,0.13333333333333333,0.6853932584269663,0.03333333333333333
