feature,n_event,n_control,event_median,control_median,event_control_median_diff,mannwhitney_p
diffusion_proxy_median_um2_per_s,16,24,-4.185460601731265e-07,-1.6136346891284683e-06,1.1950886289553418e-06,0.3136044234888713
threshold_robust_diffusion_score,16,24,0.6826923076923077,0.6634615384615384,0.019230769230769273,0.4556626517848813
drift_to_motion_ratio,16,24,0.006883282574937764,0.007994115638648755,-0.0011108330637109908,0.5164772148074285
selected_diffusion_um2_per_s,16,24,-0.0001325546277734,-9.179837371400605e-05,-4.075625405939395e-05,0.857583408559899
selected_radius2_um2_per_s,16,24,-0.00053021851109365,-0.00036719349485615,-0.00016302501623749997,0.857583408559899
selected_r2,16,24,0.07850974305295585,0.05750101025718885,0.021008732795767003,0.857583408559899
positive_estimator_count,16,24,2.0,2.0,0.0,0.976644694924646
negative_estimator_count,16,24,2.0,2.0,0.0,0.976644694924646
