test_pair,n_train,n_test,accuracy,roc_auc,average_precision,mean_event_probability_true_event,mean_event_probability_control
86,14,29,0.1724137931034483,0.1,0.11562068387626197,0.5773837679236624,0.8552184067875371
116,29,14,0.5714285714285714,0.47916666666666663,0.57997557997558,0.13690471199462426,0.09596030145744787
