method,particle_mse_median,particle_mse_mean,particle_mse_ratio_vs_persistence_median,particle_mse_gain_vs_persistence_median,wins_vs_persistence
persistence,0.0014861117404862563,0.003116806463893457,1.0,0.0,0
velocity,0.026576120898134055,0.036513239153749676,15.103872545945823,-14.103872545945823,0
pixel_linear,0.003681353390210646,0.006069527239107848,2.401098602093928,-1.4010986020939282,0
particle_mean_drift,0.0019306535384024464,0.0038750479626235945,1.312177216365741,-0.31217721636574103,2
radial_profile_trend,0.002086199280961827,0.003789561225699005,1.3240785011524414,-0.3240785011524414,2
