{
  "n_manifest_rows": 172,
  "n_embedding_rows": 172,
  "cohort_counts": {
    "balanced_future": 72,
    "selected_event_control": 52,
    "transfer_ranked": 48
  },
  "missing_manifests": [],
  "n_failures": 0,
  "particle_region_method": "history-derived central particle prior plus stability/fallback audit from tier4_particle_mask_stability_audit; embeddings aggregate only prior-masked pixels",
  "pca_summary": {
    "n_embedding_components": 16,
    "explained_variance_ratio": [
      0.4100172519683838,
      0.12851707637310028,
      0.08388392627239227,
      0.06863314658403397,
      0.051391325891017914,
      0.04994571581482887,
      0.042660702019929886,
      0.03742671012878418,
      0.03064463660120964,
      0.02233147621154785,
      0.017906805500388145,
      0.01071173045784235,
      0.00672652805224061,
      0.006373193114995956,
      0.004582605324685574,
      0.003774419892579317
    ],
    "cumulative_explained_variance": 0.9755272269248962
  },
  "target_metrics": [
    {
      "target": "future_any_drop_within_8cycles",
      "group_col": "cycleNo",
      "feature_set": "masked_video_embedding_trace",
      "n_features": 72,
      "n_scored": 72,
      "n_positive_scored": 36,
      "n_negative_scored": 36,
      "pooled_oof_roc_auc": 0.816358024691358,
      "pooled_oof_average_precision": 0.8653451736313662
    },
    {
      "target": "event_vs_control",
      "group_col": "cycleNo",
      "feature_set": "masked_video_embedding_trace",
      "n_features": 72,
      "n_scored": 52,
      "n_positive_scored": 24,
      "n_negative_scored": 28,
      "pooled_oof_roc_auc": 0.5877976190476191,
      "pooled_oof_average_precision": 0.5302119313174137
    }
  ],
  "balanced_future_label_permutation_null": {
    "target": "future_any_drop_within_8cycles",
    "group_col": "cycleNo",
    "n_permutation": 80,
    "n_valid_permutation": 80,
    "observed_auc": 0.816358024691358,
    "observed_average_precision": 0.8653451736313662,
    "null_auc_mean": 0.4685474537037037,
    "null_auc_p95": 0.6408950617283949,
    "empirical_p_ge_observed": 0.012345679012345678
  },
  "top_feature_tests": [
    {
      "target": "future_any_drop_within_8cycles",
      "feature": "particle_std_last_minus_first",
      "n_positive": 36,
      "n_negative": 36,
      "median_positive_minus_negative": 0.006558557273820043,
      "oriented_auc": 0.8912037037037037,
      "mannwhitney_p": 1.1678808999003805e-08
    },
    {
      "target": "future_any_drop_within_8cycles",
      "feature": "particle_std_slope",
      "n_positive": 36,
      "n_negative": 36,
      "median_positive_minus_negative": 0.008817990708942555,
      "oriented_auc": 0.8842592592592593,
      "mannwhitney_p": 2.1068648390796043e-08
    },
    {
      "target": "future_any_drop_within_8cycles",
      "feature": "particle_gradient_slope",
      "n_positive": 36,
      "n_negative": 36,
      "median_positive_minus_negative": 0.0024897206044208536,
      "oriented_auc": 0.8132716049382716,
      "mannwhitney_p": 4.950880884808307e-06
    },
    {
      "target": "future_any_drop_within_8cycles",
      "feature": "particle_gradient_last_minus_first",
      "n_positive": 36,
      "n_negative": 36,
      "median_positive_minus_negative": 0.0011262715561315417,
      "oriented_auc": 0.7916666666666666,
      "mannwhitney_p": 2.123299129004197e-05
    },
    {
      "target": "future_any_drop_within_8cycles",
      "feature": "particle_std_diff_q10",
      "n_positive": 36,
      "n_negative": 36,
      "median_positive_minus_negative": -0.0011418297886848449,
      "oriented_auc": 0.775462962962963,
      "mannwhitney_p": 5.944421785839699e-05
    },
    {
      "target": "future_any_drop_within_8cycles",
      "feature": "particle_vs_context_mean_last_minus_first",
      "n_positive": 36,
      "n_negative": 36,
      "median_positive_minus_negative": 0.0017800393397919834,
      "oriented_auc": 0.7731481481481481,
      "mannwhitney_p": 6.856263015943068e-05
    },
    {
      "target": "future_any_drop_within_8cycles",
      "feature": "particle_vs_context_mean_slope",
      "n_positive": 36,
      "n_negative": 36,
      "median_positive_minus_negative": 0.00252505915345066,
      "oriented_auc": 0.7692901234567902,
      "mannwhitney_p": 8.676291233360133e-05
    },
    {
      "target": "future_any_drop_within_8cycles",
      "feature": "particle_std_diff_q90",
      "n_positive": 36,
      "n_negative": 36,
      "median_positive_minus_negative": 0.0010922089219093324,
      "oriented_auc": 0.753858024691358,
      "mannwhitney_p": 0.00021588667322479816
    },
    {
      "target": "future_any_drop_within_8cycles",
      "feature": "particle_std_std",
      "n_positive": 36,
      "n_negative": 36,
      "median_positive_minus_negative": 0.005502647562451248,
      "oriented_auc": 0.7430555555555556,
      "mannwhitney_p": 0.00039712039065062615
    },
    {
      "target": "future_any_drop_within_8cycles",
      "feature": "particle_gradient_first_mean",
      "n_positive": 36,
      "n_negative": 36,
      "median_positive_minus_negative": -0.005419053341029212,
      "oriented_auc": 0.7384259259259259,
      "mannwhitney_p": 0.0005119659571433667
    },
    {
      "target": "future_any_drop_within_8cycles",
      "feature": "particle_gradient_std",
      "n_positive": 36,
      "n_negative": 36,
      "median_positive_minus_negative": 0.003998821619492086,
      "oriented_auc": 0.7237654320987654,
      "mannwhitney_p": 0.001112423042301798
    },
    {
      "target": "future_any_drop_within_8cycles",
      "feature": "particle_gradient_diff_q10",
      "n_positive": 36,
      "n_negative": 36,
      "median_positive_minus_negative": -0.0007274013012647628,
      "oriented_auc": 0.7222222222222222,
      "mannwhitney_p": 0.0012040951722330087
    },
    {
      "target": "future_any_drop_within_8cycles",
      "feature": "particle_mean_slope",
      "n_positive": 36,
      "n_negative": 36,
      "median_positive_minus_negative": 0.0031195643991615823,
      "oriented_auc": 0.7137345679012346,
      "mannwhitney_p": 0.0018455504916141325
    },
    {
      "target": "future_any_drop_within_8cycles",
      "feature": "particle_mean_last_minus_first",
      "n_positive": 36,
      "n_negative": 36,
      "median_positive_minus_negative": 0.0024833648931235075,
      "oriented_auc": 0.7098765432098766,
      "mannwhitney_p": 0.002230340861992037
    },
    {
      "target": "future_any_drop_within_8cycles",
      "feature": "particle_gradient_diff_q90",
      "n_positive": 36,
      "n_negative": 36,
      "median_positive_minus_negative": 0.0008714811876416208,
      "oriented_auc": 0.7083333333333334,
      "mannwhitney_p": 0.002403865445875743
    },
    {
      "target": "future_any_drop_within_8cycles",
      "feature": "particle_gradient_diff_abs_mean",
      "n_positive": 36,
      "n_negative": 36,
      "median_positive_minus_negative": 0.0007867417739410151,
      "oriented_auc": 0.7052469135802469,
      "mannwhitney_p": 0.0027885152704111775
    }
  ],
  "cluster_summary": [
    {
      "video_embedding_cluster": 0,
      "n_roi": 33,
      "cohort_counts": {
        "balanced_future": 17,
        "transfer_ranked": 11,
        "selected_event_control": 5
      },
      "future8_positive_fraction": 0.23529411764705882,
      "median_cycleNo": 147.0,
      "prototype_roi": "transfer_ranked::cycle147_rank11_obj4"
    },
    {
      "video_embedding_cluster": 1,
      "n_roi": 46,
      "cohort_counts": {
        "balanced_future": 22,
        "selected_event_control": 18,
        "transfer_ranked": 6
      },
      "future8_positive_fraction": 0.36363636363636365,
      "median_cycleNo": 97.0,
      "prototype_roi": "selected_event_control::cycle60_rank1_obj1"
    },
    {
      "video_embedding_cluster": 2,
      "n_roi": 11,
      "cohort_counts": {
        "selected_event_control": 6,
        "transfer_ranked": 4,
        "balanced_future": 1
      },