feature,event_mean,control_mean,event_minus_control,n_event,n_control,mannwhitney_u,p_value
dmd_mse_ratio_vs_persistence,20.48986416763692,14.1216844097997,6.36817975783722,24,28,420.0,0.12535207737474185
latent_net_displacement,2.22661425669988,1.5721151605248451,0.654499096175035,24,28,400.0,0.24378463432457886
persistence_ssim,0.9669101183297909,0.9656941476953609,0.0012159706344300192,24,28,369.0,0.550803676599424
latent_path_length,13.868877013524374,14.729748402323041,-0.8608713887986674,24,28,315.0,0.7067018050129132
persistence_mse,0.00011026212491077374,0.00011990134063513489,-9.639215724361152e-06,24,28,319.0,0.7619911997299174
velocity_mse_ratio_vs_persistence,2.556512949459291,2.5364819647087353,0.020030984750555536,24,28,330.0,0.9195856457655296
persistence_mae,0.007361013275537162,0.007130980493197275,0.00023003278233988712,24,28,335.0,0.9926772868729101
