k,silhouette,inertia
4,0.6338290444179706,1191.9775876941808
3,0.6239005504909693,1922.8771591960506
2,0.6116444450085206,2796.508692903488
5,0.5053046614502337,854.0141580840285
6,0.4721056358044871,627.0374861625816
7,0.467221358214206,465.7896769340119
