n_a,n_b,median_a,median_b,median_diff,p_value,method,contrast,feature
572,572,0.02437761519104235,0.01878319494426245,0.005594420246779901,8.874560794800786e-29,low_rank_dmd,late_minus_early_rollout,mae
768,896,0.0240579796954989,0.0200464939698576,0.004011485725641303,5.586299115864207e-15,low_rank_dmd,event_minus_control,mae
768,896,0.01167153567075725,0.011514659039676151,0.00015687663108109907,0.10990622645743028,velocity,event_minus_control,mae
768,896,0.0069163518492132,0.0068756837863475,4.066806286570027e-05,0.16051294691739426,persistence,event_minus_control,mae
572,572,0.011563212610781151,0.01161433057859535,-5.1117967814198403e-05,0.5159577504134367,velocity,late_minus_early_rollout,mae
572,572,0.0069219446741044,0.0068379007279872495,8.404394611715056e-05,0.6512683909214745,persistence,late_minus_early_rollout,mae
440,1224,0.0069004306569695004,0.0069034835323691,-3.052875399599947e-06,0.8362705472978297,persistence,near_transition_minus_far,mae
440,1224,0.01161433057859535,0.01162216300144785,-7.832422852500562e-06,0.956685965540229,velocity,near_transition_minus_far,mae
440,1224,0.02116477675735945,0.0211232360452413,4.1540712118148804e-05,0.9768818291408341,low_rank_dmd,near_transition_minus_far,mae
