{
  "block_len": 8,
  "context_summary": [
    {
      "cohort_role": "future8_negative",
      "context_role": "same_source_prev_cycle_same_object_rank",
      "cycleNo": 76.0,
      "default_q70_D_p05_um2_per_s": -2.1411065490715443e-06,
      "default_q70_D_p95_um2_per_s": 3.32889994898855e-06,
      "default_q70_D_um2_per_s": 6.404800570008565e-07,
      "default_q70_D_um2_per_s_context_percentile": 0.7,
      "default_q70_positive_ci": false,
      "default_q70_radius2_r2": 0.016841017482120635,
      "default_q70_radius2_r2_context_percentile": 0.5,
      "full_window_positive_ci_fraction": 0.0,
      "max_radius2_r2": 0.8014807016777251,
      "median_D_um2_per_s": 5.344048611646146e-07,
      "median_D_um2_per_s_context_percentile": 0.7,
      "median_radius2_r2": 0.12038629807883672,
      "n_full_window_variants": 63,
      "n_variants": 252,
      "positive_D_fraction": 0.5634920634920635,
      "positive_ci_fraction": 0.17063492063492064,
      "positive_ci_fraction_context_percentile": 0.5,
      "q10_D_um2_per_s": -7.969654723860776e-06,
      "q90_D_um2_per_s": 1.0385128531237738e-05,
      "roi_id": "cycle76_rank8_obj2",
      "roi_norm_mean_delta_last_minus_first": 4.298985004425049e-06,
      "source_stem": "9_c2_x10_010723",
      "validation_score": 25.083032624261563
    },
    {
      "cohort_role": "future8_positive",
      "context_role": "same_cycle_neighbor_object",
      "cycleNo": 78.0,
      "default_q70_D_p05_um2_per_s": -5.01515970804222e-06,
      "default_q70_D_p95_um2_per_s": 6.793152792406601e-07,
      "default_q70_D_um2_per_s": -2.212140457912842e-06,
      "default_q70_D_um2_per_s_context_percentile": 0.1,
      "default_q70_positive_ci": false,
      "default_q70_radius2_r2": 0.15902629208651642,
      "default_q70_radius2_r2_context_percentile": 0.7,
      "full_window_positive_ci_fraction": 0.0,
      "max_radius2_r2": 0.7421348637450627,
      "median_D_um2_per_s": -2.9762683794293783e-06,
      "median_D_um2_per_s_context_percentile": 0.1,
      "median_radius2_r2": 0.16353518600415978,
      "n_full_window_variants": 63,
      "n_variants": 252,
      "positive_D_fraction": 0.17857142857142858,
      "positive_ci_fraction": 0.05952380952380952,
      "positive_ci_fraction_context_percentile": 0.1,
      "q10_D_um2_per_s": -8.200076861193297e-06,
      "q90_D_um2_per_s": 1.2402114373824458e-06,
      "roi_id": "cycle78_rank22_obj1",
      "roi_norm_mean_delta_last_minus_first": 6.85378909111023e-05,
      "source_stem": "9_c2_x10_010723",
      "validation_score": 24.74683509607009
    },
    {
      "cohort_role": "future8_positive",
      "context_role": "target_nearest_diffusion_candidate",
      "cycleNo": 78.0,
      "default_q70_D_p05_um2_per_s": 1.9531822660687e-06,
      "default_q70_D_p95_um2_per_s": 5.379870113798701e-06,
      "default_q70_D_um2_per_s": 3.456512133062921e-06,
      "default_q70_D_um2_per_s_context_percentile": 0.9,
      "default_q70_positive_ci": true,
      "default_q70_radius2_r2": 0.42366463856220815,
      "default_q70_radius2_r2_context_percentile": 0.9,
      "full_window_positive_ci_fraction": 0.3333333333333333,
      "max_radius2_r2": 0.8494148487940061,
      "median_D_um2_per_s": 3.2878762231388737e-06,
      "median_D_um2_per_s_context_percentile": 0.9,
      "median_radius2_r2": 0.28808877496197155,
      "n_full_window_variants": 63,
      "n_variants": 252,
      "positive_D_fraction": 0.7380952380952381,
      "positive_ci_fraction": 0.3968253968253968,
      "positive_ci_fraction_context_percentile": 0.9,
      "q10_D_um2_per_s": -4.431050127114061e-06,
      "q90_D_um2_per_s": 1.3845464421702908e-05,
      "roi_id": "cycle78_rank22_obj2",
      "roi_norm_mean_delta_last_minus_first": 0.0011900439858436,
      "source_stem": "9_c2_x10_010723",
      "validation_score": 24.49773808606248
    },
    {
      "cohort_role": "future8_positive",
      "context_role": "same_cycle_neighbor_object",
      "cycleNo": 78.0,
      "default_q70_D_p05_um2_per_s": -2.837410493299766e-06,
      "default_q70_D_p95_um2_per_s": 5.685821202490895e-07,
      "default_q70_D_um2_per_s": -4.30707430774156e-07,
      "default_q70_D_um2_per_s_context_percentile": 0.3,
      "default_q70_positive_ci": false,
      "default_q70_radius2_r2": 0.009107529071932796,
      "default_q70_radius2_r2_context_percentile": 0.3,
      "full_window_positive_ci_fraction": 0.2698412698412698,
      "max_radius2_r2": 0.8735130509450281,
      "median_D_um2_per_s": -3.987766383363345e-07,
      "median_D_um2_per_s_context_percentile": 0.5,
      "median_radius2_r2": 0.1976316990002019,
      "n_full_window_variants": 63,
      "n_variants": 252,
      "positive_D_fraction": 0.4444444444444444,
      "positive_ci_fraction": 0.23015873015873015,
      "positive_ci_fraction_context_percentile": 0.7,
      "q10_D_um2_per_s": -8.38141785748235e-06,
      "q90_D_um2_per_s": 5.880576381877093e-06,
      "roi_id": "cycle78_rank22_obj3",
      "roi_norm_mean_delta_last_minus_first": 0.0002939477562904,
      "source_stem": "9_c2_x10_010723",
      "validation_score": 24.263112458779265
    },
    {
      "cohort_role": "future8_positive",
      "context_role": "same_source_later_cycle_same_object_rank",
      "cycleNo": 84.0,
      "default_q70_D_p05_um2_per_s": -2.4407696435498634e-06,
      "default_q70_D_p95_um2_per_s": 1.5636068775127323e-06,
      "default_q70_D_um2_per_s": -2.447960211158605e-07,
      "default_q70_D_um2_per_s_context_percentile": 0.5,
      "default_q70_positive_ci": false,
      "default_q70_radius2_r2": 0.0025524524208356825,
      "default_q70_radius2_r2_context_percentile": 0.1,
      "full_window_positive_ci_fraction": 0.0,
      "max_radius2_r2": 0.6874072240747637,
      "median_D_um2_per_s": -8.362492221858153e-07,
      "median_D_um2_per_s_context_percentile": 0.3,
      "median_radius2_r2": 0.04253145936453795,
      "n_full_window_variants": 63,
      "n_variants": 252,
      "positive_D_fraction": 0.36507936507936506,
      "positive_ci_fraction": 0.15476190476190477,
      "positive_ci_fraction_context_percentile": 0.3,
      "q10_D_um2_per_s": -8.794328319070142e-06,
      "q90_D_um2_per_s": 8.407982717730871e-06,
      "roi_id": "cycle84_rank23_obj2",
      "roi_norm_mean_delta_last_minus_first": -9.796023368835448e-05,
      "source_stem": "9_c2_x10_010723",
      "validation_score": 24.753681477229097
    }
  ],
  "guardrail": "Automatic threshold/mask/window remeasurement only; does not accept manual labels, validate front identity, or create calibrated diffusion coefficients.",
  "n_bootstrap": 200,
  "n_context_rois": 5,
  "n_variant_rows": 1260,
  "outputs": {
    "context_manifest": "/scratch/<account>/<username>/Alek_Jiho/derived/cycle78_diffusion_remeasurement_audit/cycle78_diffusion_remeasurement_context_manifest.csv",
    "per_variant": "/scratch/<account>/<username>/Alek_Jiho/derived/cycle78_diffusion_remeasurement_audit/cycle78_diffusion_remeasurement_per_variant.csv",
    "roi_summary": "/scratch/<account>/<username>/Alek_Jiho/derived/cycle78_diffusion_remeasurement_audit/cycle78_diffusion_remeasurement_roi_summary.csv",
    "summary": "/scratch/<account>/<username>/Alek_Jiho/derived/cycle78_diffusion_remeasurement_audit/cycle78_diffusion_remeasurement_summary.json",
    "target_plot": "/scratch/<account>/<username>/Alek_Jiho/derived/cycle78_diffusion_remeasurement_audit/plots/cycle78_rank22_obj2_q70_remeasurement.png"
  },
  "overall_status": "cycle78_diffusion_remeasurement_ready",
  "pixel_size_um_assumed": 0.096,
  "target_roi_id": "cycle78_rank22_obj2",
  "target_status": "q70_positive_ci_passed_automatically",
  "target_summary": {
    "cohort_role": "future8_positive",
    "context_role": "target_nearest_diffusion_candidate",
    "cycleNo": 78.0,
    "default_q70_D_p05_um2_per_s": 1.9531822660687e-06,
    "default_q70_D_p95_um2_per_s": 5.379870113798701e-06,
    "default_q70_D_um2_per_s": 3.456512133062921e-06,