k,silhouette,inertia
2,0.3351118784180543,70.3398559169768
3,0.331767746271173,41.568751213812575
4,0.3127397625128339,30.13909970415132
