metric,event_mean,non_event_mean,mannwhitney_p
n_frames,895.5,1036.1379310344828,0.024029051409866848
n_frames_percentile,0.04494382022471905,0.5162081880408109,0.024029051409866848
V_mean,3.862787127747806,3.8646194651526815,0.5370370370370371
I_mean_mA,0.0052635948511247,0.012547530512139601,0.4333333333333333
I_abs_mean_mA,0.500889,0.5008890000000001,0.49396982267795686
duration_s,10484.13150036335,10339.359380242191,0.5191358024691358
