target,n_positive_positive_edges,n_other_edges,median_distance_positive_positive,median_distance_other,median_distance_pp_minus_other,mannwhitney_p
is_event_roi,21,135,277.4395116861116,10.418575106916114,267.02093657919545,0.0002671756311951924
front_positive_residual_binary,41,115,196.29113186315257,28.496085379723255,167.7950464834293,0.12902280209335132
is_event_enriched_mode,13,143,97.50618665798716,103.7157960563711,-6.209609398383947,0.6721349046749023
