{
  "n_rows": 96,
  "n_cycles": 48,
  "n_sources": 14,
  "n_features_tested": 54,
  "transforms": [
    "raw",
    "source_mean_only",
    "source_residual",
    "within_source_z",
    "within_source_rank"
  ],
  "best_by_transform": [
    {
      "target": "future_any_drop_within_16cycles",
      "feature": "masked_minus_background_mean_slope",
      "transform": "raw",
      "n": 96,
      "n_positive": 48,
      "direction": "higher_in_positive",
      "oriented_auc": 0.6901041666666666,
      "average_precision": 0.6956991002779074,
      "spearman_rho": 0.32928794089600877,
      "spearman_p": 0.001053054863994876,
      "mwu_p": 0.0013466977043372196,
      "median_positive": 0.0038948716108504504,
      "median_negative": 0.00017503044836835534,
      "median_positive_minus_negative": 0.003719841162482095,
      "source_eta2_after_transform": 0.6335286140459528,
      "raw_source_eta2": 0.6335286140459528
    },
    {
      "target": "future_any_drop_within_16cycles",
      "feature": "object_y_full_approx",
      "transform": "source_mean_only",
      "n": 96,
      "n_positive": 48,
      "direction": "higher_in_positive",
      "oriented_auc": 0.7977430555555556,
      "average_precision": 0.8318099942909394,
      "spearman_rho": 0.5171954053779176,
      "spearman_p": 6.84146051581318e-08,
      "mwu_p": 4.7208762749627365e-07,
      "median_positive": 480.6474909521851,
      "median_negative": 245.217778000238,
      "median_positive_minus_negative": 235.42971295194707,
      "source_eta2_after_transform": 0.9999999999999998,
      "raw_source_eta2": 0.188195518106978
    },
    {
      "target": "future_any_drop_within_16cycles",
      "feature": "front_radius_q80_slope_px_per_norm_time",
      "transform": "source_residual",
      "n": 49,
      "n_positive": 28,
      "direction": "lower_in_positive",
      "oriented_auc": 0.6309523809523809,
      "average_precision": 0.6336506707229124,
      "spearman_rho": 0.22453655975512463,
      "spearman_p": 0.1208872455739973,
      "mwu_p": 0.12221729813109583,
      "median_positive": 0.056647336769759804,
      "median_negative": 0.18449312714776647,
      "median_positive_minus_negative": -0.12784579037800667,
      "source_eta2_after_transform": 4.7022243294748224e-33,
      "raw_source_eta2": 0.10433684331820878
    },
    {
      "target": "future_any_drop_within_16cycles",
      "feature": "front_radius_q80_slope_px_per_norm_time",
      "transform": "within_source_rank",
      "n": 49,
      "n_positive": 28,
      "direction": "lower_in_positive",
      "oriented_auc": 0.6556122448979593,
      "average_precision": 0.6773003062653529,
      "spearman_rho": 0.2709354502495094,
      "spearman_p": 0.05970365203771667,
      "mwu_p": 0.06192414327593897,
      "median_positive": 0.0,
      "median_negative": 0.33333333333333337,
      "median_positive_minus_negative": -0.33333333333333337,
      "source_eta2_after_transform": 0.07810243778136412,
      "raw_source_eta2": 0.10433684331820878
    },
    {
      "target": "future_any_drop_within_16cycles",
      "feature": "front_radius_q80_slope_px_per_norm_time",
      "transform": "within_source_z",
      "n": 48,
      "n_positive": 28,
      "direction": "lower_in_positive",
      "oriented_auc": 0.6366071428571429,
      "average_precision": 0.6915021939681802,
      "spearman_rho": 0.23338342780476,
      "spearman_p": 0.11039067921928183,
      "mwu_p": 0.11193882877603219,
      "median_positive": 0.1189701752661054,
      "median_negative": 0.37766815230872824,
      "median_positive_minus_negative": -0.2586979770426229,
      "source_eta2_after_transform": 5.257588130474615e-33,
      "raw_source_eta2": 0.10433684331820878
    },
    {
      "target": "future_any_drop_within_8cycles",
      "feature": "masked_minus_background_mean_slope",
      "transform": "raw",
      "n": 96,
      "n_positive": 28,
      "direction": "higher_in_positive",
      "oriented_auc": 0.8209033613445378,
      "average_precision": 0.7031442379056523,
      "spearman_rho": 0.5053016210162442,
      "spearman_p": 1.5158129013190908e-07,
      "mwu_p": 8.608524835185122e-07,
      "median_positive": 0.00682433405963065,
      "median_negative": 0.0005854491802105,
      "median_positive_minus_negative": 0.00623888487942015,
      "source_eta2_after_transform": 0.6335286140459528,
      "raw_source_eta2": 0.6335286140459528
    },
    {
      "target": "future_any_drop_within_8cycles",
      "feature": "masked_minus_background_mean_slope",
      "transform": "source_mean_only",
      "n": 96,
      "n_positive": 28,
      "direction": "higher_in_positive",
      "oriented_auc": 0.9296218487394958,
      "average_precision": 0.8613945578231292,
      "spearman_rho": 0.6784090165677618,
      "spearman_p": 3.097789947329652e-14,
      "mwu_p": 3.888333465764547e-11,
      "median_positive": 0.007094311628571056,
      "median_negative": 0.0007682984003847372,
      "median_positive_minus_negative": 0.006326013228186319,
      "source_eta2_after_transform": 0.9999999999999999,
      "raw_source_eta2": 0.6335286140459528
    },
    {
      "target": "future_any_drop_within_8cycles",
      "feature": "front_radius_q80_median_px",
      "transform": "source_residual",
      "n": 96,
      "n_positive": 28,
      "direction": "higher_in_positive",
      "oriented_auc": 0.6121323529411765,
      "average_precision": 0.34939923120503885,
      "spearman_rho": 0.17684279795358382,
      "spearman_p": 0.08477761678600748,
      "mwu_p": 0.08550267854391752,
      "median_positive": -0.125,
      "median_negative": -0.5,
      "median_positive_minus_negative": 0.375,
      "source_eta2_after_transform": 3.723182396582997e-34,
      "raw_source_eta2": 0.15278402559104312
    },
    {
      "target": "future_any_drop_within_8cycles",
      "feature": "front_radius_q80_median_px",
      "transform": "within_source_rank",
      "n": 96,
      "n_positive": 28,
      "direction": "higher_in_positive",
      "oriented_auc": 0.5690651260504203,
      "average_precision": 0.3863334492983161,
      "spearman_rho": 0.1092057348879842,
      "spearman_p": 0.28953217807138903,
      "mwu_p": 0.2889814578546668,
      "median_positive": 0.0,
      "median_negative": -0.03125,
      "median_positive_minus_negative": 0.03125,
      "source_eta2_after_transform": 0.0051925573344872335,
      "raw_source_eta2": 0.15278402559104312
    },
    {
      "target": "future_any_drop_within_8cycles",
      "feature": "front_radius_q80_median_px",
      "transform": "within_source_z",
      "n": 96,
      "n_positive": 28,
      "direction": "higher_in_positive",
      "oriented_auc": 0.5745798319327731,
      "average_precision": 0.4039929751595266,
      "spearman_rho": 0.11752717724781069,
      "spearman_p": 0.2541199727159645,
      "mwu_p": 0.2536703427500657,
      "median_positive": -0.35355339059327373,
      "median_negative": -0.43851989526455215,
      "median_positive_minus_negative": 0.08496650467127842,
      "source_eta2_after_transform": 2.851746389808019e-32,
      "raw_source_eta2": 0.15278402559104312
    }
  ],
  "future16_raw_best": {
    "target": "future_any_drop_within_16cycles",
    "feature": "masked_minus_background_mean_slope",
    "transform": "raw",
    "n": 96,
    "n_positive": 48,
    "direction": "higher_in_positive",
    "oriented_auc": 0.6901041666666666,
    "average_precision": 0.6956991002779074,
    "spearman_rho": 0.32928794089600877,
    "spearman_p": 0.001053054863994876,
    "mwu_p": 0.0013466977043372196,
    "median_positive": 0.0038948716108504504,
    "median_negative": 0.00017503044836835534,
    "median_positive_minus_negative": 0.003719841162482095,
    "source_eta2_after_transform": 0.6335286140459528,
    "raw_source_eta2": 0.6335286140459528
  },
  "future16_source_residual_best": {
    "target": "future_any_drop_within_16cycles",
    "feature": "front_radius_q80_slope_px_per_norm_time",
    "transform": "source_residual",