metric,event_center_mean,neighbor_mean,event_minus_neighbor,mannwhitney_p
echem_points,80471.0,67515.91666666667,12955.083333333328,0.23481825658676414
I_mean_mA,0.0052635948511247,0.01242783643338495,-0.0071642415822602504,0.3516483516483517
V_mean,3.862787127747806,3.8662597205315046,-0.0034725927836984916,0.4395604395604396
duration_s,10484.13150036335,10516.486579716207,-32.3550793528575,0.5494505494505495
I_mean_delta,0.02535586941815675,-0.005669772332210475,0.031025641750367223,0.5494505494505495
V_range,1.3071419999999998,1.3204294999999997,-0.013287499999999897,0.5834684592371177
V_mean_delta,0.00433992751197,-0.0014259867066170418,0.005765914218587041,0.6593406593406594
I_abs_mean_mA,0.500889,0.5008889999999999,1.1102230246251565e-16,0.8382564863858263
V_range_delta,0.0008680000000003,0.002204000000000018,-0.001335999999999718,0.9230769230769231
