group,group_value,feature,event_mean,control_mean,event_minus_control,n_event,n_control,mannwhitney_u,p_value
all,,phase_slope_median_per_s,2.569750761791768e-06,1.4761752328818431e-06,1.0935755289099247e-06,24,28,466.0,0.01745185101635875
all,,phase_slope_abs_median_per_s,2.5872952198356343e-06,1.7941757197938317e-06,7.931195000418026e-07,24,28,454.0,0.031022782808447467
all,,threshold_robust_phase_score,0.593349358974359,0.43784340659340676,0.15550595238095227,24,28,448.0,0.04060265632931144
all,,phase_slope_positive_fraction,0.9702380952380952,0.8316326530612246,0.13860544217687065,24,28,406.5,0.040605288275148914
all,,radius2_slope_median_px2_per_s,-0.00033032094105594443,-0.0008305331573882734,0.0005002122163323289,24,28,398.0,0.25895351597420424
all,,diffusion_proxy_median_um2_per_s,-7.610594481928962e-07,-1.9135483946225823e-06,1.1524889464296862e-06,24,28,398.0,0.25895351597420424
all,,diffusion_proxy_abs_median_um2_per_s,2.2206287745693213e-06,2.6928452207261054e-06,-4.7221644615678416e-07,24,28,313.0,0.6796062527235118
all,,threshold_robust_diffusion_score,0.515625,0.5044642857142857,0.011160714285714302,24,28,335.0,0.9926744720274594
