x,y,n,spearman_rho,abs_rho,p_value
h5_dt_max_to_median_ratio,transferred_masked_residual_signature,72,0.7278010183083281,0.7278010183083281,4.404847087825789e-13
h5_dt_max_to_median_ratio,cycleNo,72,0.36412667479067995,0.36412667479067995,0.0016646122022678223
roi_elapsed_to_h5_median_ratio,validation_score_recon,72,0.22156793633056318,0.22156793633056318,0.06141665076632489
roi_elapsed_to_h5_median_ratio,transferred_masked_residual_signature,72,0.1408695652173913,0.1408695652173913,0.23788309283528483
h5_dt_max_to_median_ratio,apparent_D_h5median_abs_um2_per_s,72,0.061268677867079305,0.061268677867079305,0.6091661981120092
