feature,n_pre_rows,spearman_rho_vs_event_proximity,spearman_p
front_quality_score,76,-0.12938799499515105,0.2652901578184577
front_quantile_positive_fraction,76,0.07835302412851552,0.5010868609882932
front_q_slope_cv,44,-0.10364129787266847,0.503180594002674
front_residual_outward_z_mean,71,0.0705226462668097,0.5589410637447444
front_raw_outward_z_mean,71,0.04814171107817744,0.6901287865902423
front_q_slope_mean_source_echem_residual,62,0.044853772674471465,0.7292181800059978
front_q_slope_mean_px_per_norm_time,62,0.04008048267701927,0.7570966080298297
front_consensus_score,76,-0.00509974907636304,0.9651259777668618
