method,distance_feature,n_roi,median_distance_to_transition,null_median_distance_mean,null_median_distance_p05,empirical_p_distance_le_observed
low_rank_dmd,weighted_center_distance_to_transition_frac,52,0.19603733547322158,0.25012482712918355,0.1944834249324383,0.05598880223955209
low_rank_dmd,peak_distance_to_transition_frac,52,0.4526315789473684,0.41851025469267716,0.3186320853848704,0.714257148570286
velocity,weighted_center_distance_to_transition_frac,52,0.27873654136928583,0.25040852039080563,0.1937429846832752,0.7980403919216157
persistence,peak_distance_to_transition_frac,52,0.34584040747028866,0.2992371595082581,0.22139158916656826,0.8280343931213757
velocity,peak_distance_to_transition_frac,52,0.3567062818336163,0.298967346392906,0.22436013670944763,0.8858228354329134
persistence,weighted_center_distance_to_transition_frac,52,0.31947017387687043,0.25251582568428504,0.19309903499560072,0.9658068386322736
