edge_type,n_edges,observed_same_future8_fraction,observed_both_future8_positive_fraction,null_same_mean,null_same_p95,empirical_p_same_ge_observed,null_both_positive_mean,null_both_positive_p95,empirical_p_both_ge_observed
next_observed_cycle_spatial_knn,135,0.8666666666666667,0.6,0.5476444444444444,0.6148148148148148,0.000999000999000999,0.4404888888888888,0.4740740740740741,0.000999000999000999
previous_observed_cycle_spatial_knn,135,0.8666666666666667,0.6,0.5486074074074074,0.6,0.000999000999000999,0.44097037037037035,0.4666666666666667,0.000999000999000999
same_cycle_spatial_knn,144,1.0,0.5,0.5006111111111111,0.5694444444444444,0.000999000999000999,0.25030555555555556,0.2847222222222222,0.000999000999000999
