score,n_rows,n_pos,n_neg,n_sources,auc,average_precision,median_pos,median_neg,median_diff_pos_minus_neg,target,source_auc_minus_half_sign_flip_p,n_eligible_heldout_sources
transfer_oriented_feature_score,48,32,16,5,0.83203125,0.9244863648009517,0.6593014332571534,0.4226662246071634,0.23663520864999,near_vs_any_non_near,0.125,5
fixed_transport_mechanism_score,48,32,16,5,0.837890625,0.9377066194055037,0.658036477295712,0.4256729748179612,0.23236350247775084,near_vs_any_non_near,0.125,5
fixed_transport_raw_score,48,32,16,5,0.8095703125,0.9206144949033692,0.8177734375,0.2986328125,0.5191406249999999,near_vs_any_non_near,0.125,5
fixed_front_kinetic_score,48,32,16,5,0.66015625,0.811441268441059,0.6050439927184466,0.5422405946601943,0.0628033980582523,near_vs_any_non_near,0.125,5
fixed_qc_review_score,48,32,16,5,0.755859375,0.852890061275708,0.6137369791666667,0.3955078125,0.2182291666666667,near_vs_any_non_near,0.0625,5
fixed_visual_sanity_score,48,32,16,5,0.05263157894736842,0.8895926496240169,0.590322939806,0.7979013983166592,-0.20757845851065915,near_vs_any_non_near,1.0,1
