{
  "context_source": "/scratch/u6hp/nsagar.u6hp/Alek_Jiho/derived/event_protocol_context/event_protocol_context_table.csv",
  "event_reference_summary": [
    {
      "I_abs_mean_mA": 0.500889,
      "V_mean": 3.8273713210203413,
      "cumulative_abs_norm_change": 0.029146526541028655,
      "event_reference_cycle": 60.0,
      "evidence_score": 5.37722440775176,
      "high_fraction_slope": 0.00021512611935124094,
      "latent_net_displacement": 2.7191971923623766,
      "mean_drop_frac": 0.1707317073170731,
      "n_event_particles": 1.0,
      "n_frames_percentile": 0.35634028892455855,
      "roi_norm_mean_delta": 0.00033956500036376447
    },
    {
      "I_abs_mean_mA": 0.500889,
      "V_mean": 3.825924629117959,
      "cumulative_abs_norm_change": 0.012018447708604527,
      "event_reference_cycle": 86.0,
      "evidence_score": 12.399287527913966,
      "high_fraction_slope": 0.0004025920324574986,
      "latent_net_displacement": 0.8296512535640171,
      "mean_drop_frac": 0.1420951480652973,
      "n_event_particles": 3.0,
      "n_frames_percentile": 0.13162118780096305,
      "roi_norm_mean_delta": -0.00012799512062753126
    },
    {
      "I_abs_mean_mA": 0.500889,
      "V_mean": 3.9052413480896155,
      "cumulative_abs_norm_change": 0.00873663732782001,
      "event_reference_cycle": 116.0,
      "evidence_score": 12.929917335181958,
      "high_fraction_slope": 0.00044961332979977,
      "latent_net_displacement": 0.43332782089710237,
      "mean_drop_frac": 0.1917019578422557,
      "n_event_particles": 3.0,
      "n_frames_percentile": 0.03820224719101118,
      "roi_norm_mean_delta": -0.00087300837039943
    },
    {
      "I_abs_mean_mA": NaN,
      "V_mean": NaN,
      "cumulative_abs_norm_change": 0.03297695025269469,
      "event_reference_cycle": 156.0,
      "evidence_score": 4.816527810967591,
      "high_fraction_slope": 0.00022337742074752715,
      "latent_net_displacement": 3.102915014539446,
      "mean_drop_frac": 0.1656050955414012,
      "n_event_particles": 1.0,
      "n_frames_percentile": 0.8298555377207063,
      "roi_norm_mean_delta": 0.009484366380742607
    }
  ],
  "group_summary": [
    {
      "I_abs_mean_mA": 0.500889,
      "I_mean_mA": 0.00962806612040795,
      "V_mean": 3.8254203687988677,
      "cohort_role": "control",
      "cumulative_abs_norm_change": 0.025077696191146925,
      "duration_s": 9235.019502162937,
      "event_reference_cycle": 60.0,
      "first_last_corr": 0.920181151254489,
      "high_fraction_slope": 0.00023468303372528286,
      "latent_net_displacement": 2.417844258248806,
      "n_frames_percentile": 0.34550561797752805,
      "n_roi": 8,
      "physics_no_qc_rf_event_probability": 0.40772374906592923,
      "roi_norm_mean_delta": 0.00047226250171662385
    },
    {
      "I_abs_mean_mA": 0.500889,
      "I_mean_mA": 0.021644283099764305,
      "V_mean": 3.829972590648973,
      "cohort_role": "event",
      "cumulative_abs_norm_change": 0.0345716336742043,
      "duration_s": 9252.832955360413,
      "event_reference_cycle": 60.0,
      "first_last_corr": 0.8723452743064062,
      "high_fraction_slope": 0.00018905023351918504,
      "latent_net_displacement": 3.121001104513804,
      "n_frames_percentile": 0.3707865168539326,
      "n_roi": 6,
      "physics_no_qc_rf_event_probability": 0.3688735133673964,
      "roi_norm_mean_delta": 0.00016263499855995197
    },
    {
      "I_abs_mean_mA": 0.5008889999999999,
      "I_mean_mA": 0.02449796494432155,
      "V_mean": 3.829141391788191,
      "cohort_role": "control",
      "cumulative_abs_norm_change": 0.00895696127554395,
      "duration_s": 9043.543561220169,
      "event_reference_cycle": 86.0,
      "first_last_corr": 0.9954632025351366,
      "high_fraction_slope": 0.0003769752394723975,
      "latent_net_displacement": 0.525336503982544,
      "n_frames_percentile": 0.17134831460674155,
      "n_roi": 8,
      "physics_no_qc_rf_event_probability": 0.443040908052652,
      "roi_norm_mean_delta": -0.0003669364377855922
    },
    {
      "I_abs_mean_mA": 0.500889,
      "I_mean_mA": 0.0034861829990025,
      "V_mean": 3.821635612224316,
      "cohort_role": "event",
      "cumulative_abs_norm_change": 0.01610042961935197,
      "duration_s": 9021.373033046722,
      "event_reference_cycle": 86.0,
      "first_last_corr": 0.9750192889213882,
      "high_fraction_slope": 0.00043674775643763337,
      "latent_net_displacement": 1.2354042530059814,
      "n_frames_percentile": 0.0786516853932584,
      "n_roi": 6,
      "physics_no_qc_rf_event_probability": 0.43516036123812657,
      "roi_norm_mean_delta": 0.00019059330224988332
    },
    {
      "I_abs_mean_mA": 0.500889,
      "I_mean_mA": 0.0171682831328283,
      "V_mean": 3.907195405317094,
      "cohort_role": "control",
      "cumulative_abs_norm_change": 0.008490985026583025,
      "duration_s": 11939.81216526033,
      "event_reference_cycle": 116.0,
      "first_last_corr": 0.9957381545449139,
      "high_fraction_slope": 0.00035746486512285003,
      "latent_net_displacement": 0.5092624798417091,
      "n_frames_percentile": 0.0786516853932584,
      "n_roi": 4,
      "physics_no_qc_rf_event_probability": 0.2893661341893008,
      "roi_norm_mean_delta": -0.0010819304734468
    },
    {
      "I_abs_mean_mA": 0.500889,
      "I_mean_mA": 0.0070410067032469,
      "V_mean": 3.9039386432712972,
      "cohort_role": "event",
      "cumulative_abs_norm_change": 0.008900405528644666,
      "duration_s": 11946.889967679976,
      "event_reference_cycle": 116.0,
      "first_last_corr": 0.9958732171950221,
      "high_fraction_slope": 0.0005110456395843833,
      "latent_net_displacement": 0.3827047149340312,
      "n_frames_percentile": 0.0112359550561797,
      "n_roi": 6,
      "physics_no_qc_rf_event_probability": 0.3650795821931929,
      "roi_norm_mean_delta": -0.00073372696836785
    },
    {
      "I_abs_mean_mA": NaN,
      "I_mean_mA": NaN,
      "V_mean": NaN,
      "cohort_role": "control",
      "cumulative_abs_norm_change": 0.024832792580127664,
      "duration_s": NaN,
      "event_reference_cycle": 156.0,
      "first_last_corr": 0.9406894366133377,
      "high_fraction_slope": -0.00013500887562355247,
      "latent_net_displacement": 2.3045910596847534,
      "n_frames_percentile": 0.7696629213483146,
      "n_roi": 8,
      "physics_no_qc_rf_event_probability": 0.46266024573423487,
      "roi_norm_mean_delta": -0.005936353467404825
    },
    {
      "I_abs_mean_mA": NaN,
      "I_mean_mA": NaN,
      "V_mean": NaN,
      "cohort_role": "event",
      "cumulative_abs_norm_change": 0.04383582714945073,
      "duration_s": NaN,
      "event_reference_cycle": 156.0,
      "first_last_corr": 0.905977902732351,
      "high_fraction_slope": 0.0007012258159089666,
      "latent_net_displacement": 4.167346954345703,
      "n_frames_percentile": 0.9101123595505619,
      "n_roi": 6,
      "physics_no_qc_rf_event_probability": 0.5993748644716567,
      "roi_norm_mean_delta": 0.03004532617827252
    }
  ],
  "guardrail": "Correlations join automatic ROI candidates to cycle-level echem/protocol summaries. They are hypothesis screens and are not causal evidence or calibrated transport constants.",
  "local_window_source": "/scratch/u6hp/nsagar.u6hp/Alek_Jiho/derived/protocol_local_window_scan/local_echem_window_features.csv",
  "n_cycles": 11,
  "n_event_reference_cycles": 4,
  "n_joined_roi": 52,
  "outputs": {
    "block_summary": "/scratch/u6hp/nsagar.u6hp/Alek_Jiho/derived/multi_cycle_roi_echem_coupling/roi_protocol_block_summary.csv",
    "event_reference_correlations": "/scratch/u6hp/nsagar.u6hp/Alek_Jiho/derived/multi_cycle_roi_echem_coupling/event_reference_roi_echem_correlations.csv",
    "event_reference_summary": "/scratch/u6hp/nsagar.u6hp/Alek_Jiho/derived/multi_cycle_roi_echem_coupling/event_reference_roi_echem_summary.csv",