{
  "control_cycles": [
    88.0,
    90.0,
    92.0,
    118.0
  ],
  "control_manifest": "/scratch/<account>/<username>/Alek_Jiho/derived/control_roi_sequences_expanded/selected_roi_sequence_manifest.csv",
  "control_table": "/scratch/<account>/<username>/Alek_Jiho/derived/control_roi_selection_expanded/selected_control_rois.csv",
  "event_cycles": [
    86.0,
    116.0
  ],
  "event_manifest": "/scratch/<account>/<username>/Alek_Jiho/derived/selected_roi_sequences/selected_roi_sequence_manifest.csv",
  "group_summary": [
    {
      "centroid_path_px": 17.570273563803504,
      "cumulative_abs_first_last": 0.008348003961145878,
      "event_cycle": 86.0,
      "first_last_corr": 0.9957190093346872,
      "high_fraction_slope_per_frame": 0.00014215279021740875,
      "high_fraction_slope_per_s": 1.4829468774948194e-06,
      "high_radius2_slope_px2_per_frame": -0.13053223009080858,
      "high_radius2_slope_px2_per_s": -0.001361809730145272,
      "interface_density_mean": 0.17926172889205114,
      "n_roi": 24,
      "roi_class": "control"
    },
    {
      "centroid_path_px": 16.76987410286357,
      "cumulative_abs_first_last": 0.008065878413617611,
      "event_cycle": 116.0,
      "first_last_corr": 0.995524972828557,
      "high_fraction_slope_per_frame": 0.00018911088061900695,
      "high_fraction_slope_per_s": 1.967890063412464e-06,
      "high_radius2_slope_px2_per_frame": -0.021977049815936595,
      "high_radius2_slope_px2_per_s": -0.0002286934406647545,
      "interface_density_mean": 0.19098515983872577,
      "n_roi": 8,
      "roi_class": "control"
    },
    {
      "centroid_path_px": 17.8665181247232,
      "cumulative_abs_first_last": 0.015792913548648358,
      "event_cycle": 86.0,
      "first_last_corr": 0.9753769546410813,
      "high_fraction_slope_per_frame": 0.00030584914435037916,
      "high_fraction_slope_per_s": 3.193443721808127e-06,
      "high_radius2_slope_px2_per_frame": -0.011149684860840631,
      "high_radius2_slope_px2_per_s": -0.00011641651375097754,
      "interface_density_mean": 0.191109321949271,
      "n_roi": 5,
      "roi_class": "event"
    },
    {
      "centroid_path_px": 16.55707109237557,
      "cumulative_abs_first_last": 0.009073155544077357,
      "event_cycle": 116.0,
      "first_last_corr": 0.9953423675315213,
      "high_fraction_slope_per_frame": 0.0003618287964402755,
      "high_fraction_slope_per_s": 3.7662641445744952e-06,
      "high_radius2_slope_px2_per_frame": -0.0243374911402482,
      "high_radius2_slope_px2_per_s": -0.0002533281517452306,
      "interface_density_mean": 0.17647741079155846,
      "n_roi": 6,
      "roi_class": "event"
    }
  ],
  "guardrail": "Threshold-front features are apparent phase-boundary mobility proxies from fixed particle ROI crops; they are not calibrated diffusion coefficients.",
  "n_control_roi": 32,
  "n_event_roi": 11,
  "outputs": {
    "descriptors": "/scratch/<account>/<username>/Alek_Jiho/derived/roi_phase_boundary_mobility/roi_phase_boundary_mobility_descriptors.csv",
    "feature_tests": "/scratch/<account>/<username>/Alek_Jiho/derived/roi_phase_boundary_mobility/roi_phase_boundary_mobility_feature_tests.csv",
    "group_summary": "/scratch/<account>/<username>/Alek_Jiho/derived/roi_phase_boundary_mobility/roi_phase_boundary_mobility_group_summary.csv",
    "plot": "/scratch/<account>/<username>/Alek_Jiho/derived/roi_phase_boundary_mobility/roi_phase_boundary_mobility.png",
    "ranked": "/scratch/<account>/<username>/Alek_Jiho/derived/roi_phase_boundary_mobility/roi_phase_boundary_mobility_ranked.csv"
  },
  "root": "/scratch/<account>/<username>/Alek_Jiho",
  "top_feature_tests": [
    {
      "control_mean": 0.0001538923128178083,
      "event_mean": 0.00033638350003577716,
      "event_minus_control": 0.00018249118721796887,
      "feature": "high_fraction_slope_per_frame",
      "mannwhitney_u": 295.0,
      "p_value": 0.0009721651538860553
    },
    {
      "control_mean": 1.6041826739742306e-06,
      "event_mean": 3.505891225135237e-06,
      "event_minus_control": 1.9017085511610063e-06,
      "feature": "high_fraction_slope_per_s",
      "mannwhitney_u": 295.0,
      "p_value": 0.0009721651538860553
    },
    {
      "control_mean": 0.008277472574263811,
      "event_mean": 0.012127591000700539,
      "event_minus_control": 0.0038501184264367275,
      "feature": "cumulative_abs_first_last",
      "mannwhitney_u": 270.0,
      "p_value": 0.009252445603533556
    },
    {
      "control_mean": -0.9091338762339447,
      "event_mean": 7.008545798679434,
      "event_minus_control": 7.917679674913379,
      "feature": "high_radius2_delta_px2",
      "mannwhitney_u": 269.0,
      "p_value": 0.01003132183694552
    },
    {
      "control_mean": 0.9956705002081547,
      "event_mean": 0.9862671798540485,
      "event_minus_control": -0.009403320354106182,
      "feature": "first_last_corr",
      "mannwhitney_u": 85.0,
      "p_value": 0.011766274885807072
    },
    {
      "control_mean": -0.0018162073097663283,
      "event_mean": 0.0012800261452148803,
      "event_minus_control": 0.0030962334549812084,
      "feature": "interface_density_delta",
      "mannwhitney_u": 257.5,
      "p_value": 0.024118265923328372
    },
    {
      "control_mean": 0.00027499126697393323,
      "event_mean": 0.0004172301196812136,
      "event_minus_control": 0.00014223885270728037,
      "feature": "mid_fraction_slope_per_frame",
      "mannwhitney_u": 257.0,
      "p_value": 0.025043802141968417
    },
    {
      "control_mean": 2.8673508674909535e-06,
      "event_mean": 4.349111573176789e-06,
      "event_minus_control": 1.4817607056858358e-06,
      "feature": "mid_fraction_slope_per_s",
      "mannwhitney_u": 257.0,
      "p_value": 0.025043802141968417
    },
    {
      "control_mean": 1.1745462929356734,
      "event_mean": -2.4005297071565277,
      "event_minus_control": -3.575076000092201,
      "feature": "low_radius2_delta_px2",
      "mannwhitney_u": 113.0,
      "p_value": 0.08191268974287529
    },
    {
      "control_mean": -0.1033934350220906,
      "event_mean": -0.01834303374051749,
      "event_minus_control": 0.08505040128157311,
      "feature": "high_radius2_slope_px2_per_frame",
      "mannwhitney_u": 238.0,
      "p_value": 0.08692259906600047
    }
  ],
  "top_mobility_rois": [
    {
      "centroid_path_px": 23.08782386139515,
      "cumulative_abs_first_last": 0.01879122294485569,
      "cycleNo": 86.0,
      "event_cycle": 86.0,
      "first_last_corr": 0.9761626362204234,
      "high_fraction_slope_per_frame": 0.0005159617284580776,
      "high_fraction_slope_per_s": 5.387279228579849e-06,
      "high_radius2_slope_px2_per_frame": 0.017505691683341578,
      "high_radius2_slope_px2_per_s": 0.00018278109399591196,
      "interface_density_mean": 0.19024147443578987,
      "mobility_score": 2.5813953488372094,
      "roi_class": "event",
      "roi_id": "cycle86_rank4_obj9"
    },
    {
      "centroid_path_px": 17.2157252804701,
      "cumulative_abs_first_last": 0.018371963873505592,
      "cycleNo": 86.0,
      "event_cycle": 86.0,
      "first_last_corr": 0.9595343557809409,
      "high_fraction_slope_per_frame": 0.00020403238233700276,
      "high_fraction_slope_per_s": 2.130350672726507e-06,
      "high_radius2_slope_px2_per_frame": -0.0502564747284463,
      "high_radius2_slope_px2_per_s": -0.0005247398159071118,
      "interface_density_mean": 0.2218113391252247,
      "mobility_score": 2.5348837209302326,
      "roi_class": "event",
      "roi_id": "cycle86_rank8_obj17"
    },
    {
      "centroid_path_px": 15.492939511230466,
      "cumulative_abs_first_last": 0.014939644373953342,
      "cycleNo": 86.0,
      "event_cycle": 86.0,
      "first_last_corr": 0.976481740106244,
      "high_fraction_slope_per_frame": 0.0002593899739496542,
      "high_fraction_slope_per_s": 2.7083524643134087e-06,
      "high_radius2_slope_px2_per_frame": -0.022078987140308228,