{
  "crop_size_full": 192,
  "cycle_summary": {
    "10.0": {
      "future16_positive": 0,
      "future8_positive": 0,
      "mean_norm_roi_delta": 0.001097027212381363,
      "mean_roi_delta": 26.406005859375,
      "mean_stage_drift_xy_sampled": 0.18027756377319315,
      "n_roi_sequences": 2
    },
    "100.0": {
      "future16_positive": 1,
      "future8_positive": 0,
      "mean_norm_roi_delta": 0.00020621716976165771,
      "mean_roi_delta": 5.2548828125,
      "mean_stage_drift_xy_sampled": 0.29154759474225334,
      "n_roi_sequences": 2
    },
    "102.0": {
      "future16_positive": 1,
      "future8_positive": 0,
      "mean_norm_roi_delta": -0.00012518838047981262,
      "mean_roi_delta": -3.91748046875,
      "mean_stage_drift_xy_sampled": 0.22360679774997896,
      "n_roi_sequences": 2
    },
    "104.0": {
      "future16_positive": 1,
      "future8_positive": 0,
      "mean_norm_roi_delta": -0.0004201717674732208,
      "mean_roi_delta": -9.0576171875,
      "mean_stage_drift_xy_sampled": 0.2500000000000227,
      "n_roi_sequences": 2
    },
    "106.0": {
      "future16_positive": 1,
      "future8_positive": 0,
      "mean_norm_roi_delta": -0.0006648339331150055,
      "mean_roi_delta": -14.24072265625,
      "mean_stage_drift_xy_sampled": 0.2121320343559321,
      "n_roi_sequences": 2
    },
    "108.0": {
      "future16_positive": 1,
      "future8_positive": 1,
      "mean_norm_roi_delta": -6.332993507385254e-05,
      "mean_roi_delta": -0.6396484375,
      "mean_stage_drift_xy_sampled": 0.2236067977498773,
      "n_roi_sequences": 2
    },
    "110.0": {
      "future16_positive": 1,
      "future8_positive": 1,
      "mean_norm_roi_delta": -0.00011946633458137512,
      "mean_roi_delta": 0.033203125,
      "mean_stage_drift_xy_sampled": 0.2121320343559321,
      "n_roi_sequences": 2
    },
    "112.0": {
      "future16_positive": 1,
      "future8_positive": 1,
      "mean_norm_roi_delta": -0.0003781430423259735,
      "mean_roi_delta": -5.0478515625,
      "mean_stage_drift_xy_sampled": 0.2121320343559321,
      "n_roi_sequences": 2
    },
    "114.0": {
      "future16_positive": 1,
      "future8_positive": 1,
      "mean_norm_roi_delta": -0.0003071501851081848,
      "mean_roi_delta": -6.60791015625,
      "mean_stage_drift_xy_sampled": 0.2121320343560125,
      "n_roi_sequences": 2
    },
    "124.0": {
      "future16_positive": 0,
      "future8_positive": 0,
      "mean_norm_roi_delta": -0.00017040222883224487,
      "mean_roi_delta": -3.0458984375,
      "mean_stage_drift_xy_sampled": 0.22360679774992814,
      "n_roi_sequences": 2
    },
    "126.0": {
      "future16_positive": 0,
      "future8_positive": 0,
      "mean_norm_roi_delta": 0.0008775480091571808,
      "mean_roi_delta": 12.70947265625,
      "mean_stage_drift_xy_sampled": 0.29154759474225334,
      "n_roi_sequences": 2
    },
    "128.0": {
      "future16_positive": 0,
      "future8_positive": 0,
      "mean_norm_roi_delta": 0.00018692389130592346,
      "mean_roi_delta": 1.59765625,
      "mean_stage_drift_xy_sampled": 0.2236067977500298,
      "n_roi_sequences": 2
    },
    "130.0": {
      "future16_positive": 0,
      "future8_positive": 0,
      "mean_norm_roi_delta": 3.8411468267440796e-05,
      "mean_roi_delta": 1.1865234375,
      "mean_stage_drift_xy_sampled": 0.2500000000000227,
      "n_roi_sequences": 2
    },
    "133.0": {
      "future16_positive": 0,
      "future8_positive": 0,
      "mean_norm_roi_delta": 0.0027193352580070496,
      "mean_roi_delta": 61.91943359375,
      "mean_stage_drift_xy_sampled": 0.2692582403567336,
      "n_roi_sequences": 2
    },
    "134.0": {
      "future16_positive": 0,
      "future8_positive": 0,
      "mean_norm_roi_delta": 0.0009673982858657837,
      "mean_roi_delta": 28.779296875,
      "mean_stage_drift_xy_sampled": 0.29154759474225334,
      "n_roi_sequences": 2
    },
    "138.0": {
      "future16_positive": 0,
      "future8_positive": 0,
      "mean_norm_roi_delta": -0.001234486699104309,
      "mean_roi_delta": -16.95361328125,
      "mean_stage_drift_xy_sampled": 0.2692582403567336,
      "n_roi_sequences": 2
    },
    "14.0": {
      "future16_positive": 0,
      "future8_positive": 0,
      "mean_norm_roi_delta": 0.0015541277825832367,
      "mean_roi_delta": 34.06103515625,
      "mean_stage_drift_xy_sampled": 0.22360679774997896,
      "n_roi_sequences": 2
    },
    "141.0": {
      "future16_positive": 1,
      "future8_positive": 0,
      "mean_norm_roi_delta": -0.0006599612534046173,
      "mean_roi_delta": -9.646484375,
      "mean_stage_drift_xy_sampled": 0.2500000000000227,
      "n_roi_sequences": 2
    },
    "143.0": {
      "future16_positive": 1,
      "future8_positive": 0,
      "mean_norm_roi_delta": -0.0023751333355903625,
      "mean_roi_delta": -54.68701171875,
      "mean_stage_drift_xy_sampled": 0.24999999999993178,
      "n_roi_sequences": 2
    },
    "144.0": {
      "future16_positive": 1,
      "future8_positive": 0,
      "mean_norm_roi_delta": -0.000715550035238266,
      "mean_roi_delta": -13.5673828125,
      "mean_stage_drift_xy_sampled": 0.22360679774992814,
      "n_roi_sequences": 2
    },
    "145.0": {
      "future16_positive": 1,
      "future8_positive": 0,
      "mean_norm_roi_delta": -0.003082539886236191,
      "mean_roi_delta": -56.0517578125,
      "mean_stage_drift_xy_sampled": 0.2236067977500298,
      "n_roi_sequences": 2
    },
    "146.0": {
      "future16_positive": 1,
      "future8_positive": 0,
      "mean_norm_roi_delta": -0.0005517378449440002,
      "mean_roi_delta": -11.46142578125,
      "mean_stage_drift_xy_sampled": 0.25,
      "n_roi_sequences": 2
    },
    "150.0": {
      "future16_positive": 1,
      "future8_positive": 1,
      "mean_norm_roi_delta": -0.0002702362835407257,
      "mean_roi_delta": -7.869140625,
      "mean_stage_drift_xy_sampled": 0.2236067977500298,
      "n_roi_sequences": 2
    },
    "151.0": {
      "future16_positive": 1,
      "future8_positive": 1,
      "mean_norm_roi_delta": -7.933005690574646e-05,
      "mean_roi_delta": 0.69091796875,
      "mean_stage_drift_xy_sampled": 0.2500000000000227,
      "n_roi_sequences": 2
    },
    "152.0": {
      "future16_positive": 1,
      "future8_positive": 1,
      "mean_norm_roi_delta": -0.0002059154212474823,
      "mean_roi_delta": -1.30810546875,
      "mean_stage_drift_xy_sampled": 0.29154759474225334,
      "n_roi_sequences": 2
    },
    "154.0": {
      "future16_positive": 1,
      "future8_positive": 1,
      "mean_norm_roi_delta": -0.0005096457898616791,
      "mean_roi_delta": -8.96484375,
      "mean_stage_drift_xy_sampled": 0.28284271247460296,
      "n_roi_sequences": 2
    },
    "2.0": {
      "future16_positive": 0,
      "future8_positive": 0,
      "mean_norm_roi_delta": -0.0016346275806427002,
      "mean_roi_delta": -31.59130859375,
      "mean_stage_drift_xy_sampled": 0.2121320343559321,
      "n_roi_sequences": 2
    },
    "26.0": {
      "future16_positive": 0,
      "future8_positive": 0,
      "mean_norm_roi_delta": -0.00010419636964797974,
      "mean_roi_delta": -3.2568359375,
      "mean_stage_drift_xy_sampled": 0.2500000000000909,
      "n_roi_sequences": 2
    },
    "28.0": {
      "future16_positive": 0,
      "future8_positive": 0,
      "mean_norm_roi_delta": 9.024515748023987e-05,
      "mean_roi_delta": 0.39306640625,
      "mean_stage_drift_xy_sampled": 0.2500000000000909,
      "n_roi_sequences": 2
    },
    "30.0": {
      "future16_positive": 0,
      "future8_positive": 0,
      "mean_norm_roi_delta": -0.0006928630173206329,
      "mean_roi_delta": -13.37451171875,
      "mean_stage_drift_xy_sampled": 0.2236067977500298,
      "n_roi_sequences": 2
    },
    "32.0": {
      "future16_positive": 0,
      "future8_positive": 0,
      "mean_norm_roi_delta": 0.0002227872610092163,
      "mean_roi_delta": 3.3935546875,
      "mean_stage_drift_xy_sampled": 0.2692582403567336,