feature,n_sources,median_source_delta_near_minus_non,mean_source_delta_near_minus_non,positive_source_fraction,sign_flip_p
qc_review_score,5,0.1904296875,0.17972656250000002,1.0,0.047476261869065464
abs_radial_flow_mean_source_residual,5,2.3008160240047778e-07,2.7652192448585173e-07,1.0,0.0559720139930035
transport_mechanism_score,5,0.21612968370752428,0.21102934112055016,1.0,0.05697151424287856
particle_flow_mag_mean_source_residual,5,3.70553930170789e-07,4.328209875356723e-07,1.0,0.05697151424287856
curl_mean_source_residual,5,4.9190256528713434e-08,6.266194651329106e-08,1.0,0.05847076461769116
front_kinetic_score,5,0.13017293689320397,0.13958586165048545,1.0,0.06196901549225387
transport_raw_score,5,0.23320312499999996,0.313671875,1.0,0.06346826586706647
transport_source_residual_score,5,0.48242187500000006,0.366328125,1.0,0.07096451774112944
observable_tail_score,5,0.012695312499999889,0.011328124999999977,0.6,0.9465267366316842
