feature,n_event,n_control,event_median,control_median,median_event_minus_control,mannwhitney_p,permutation_p,null_p95_abs
optical_change_score,24,28,0.3185785099634301,-0.25580575506653436,0.5743842650299644,0.001449078027912262,0.0023995200959808036,0.45339743511214253
mode_taxonomy_score,24,28,0.1400830782033276,-0.5041422882846585,0.644225366487986,0.05991118075181591,0.010997800439912017,0.5350127965881519
front_direction_score,24,28,0.3509513468682768,-0.1803669244773778,0.5313182713456546,0.009909865321683517,0.04099180163967207,0.5013546400176884
rollout_residual_score,24,28,0.21306134956872763,-0.1408309244473025,0.35389227401603013,0.023395491077711397,0.05638872225554889,0.3608897374699867
physics_consistency_score,24,28,0.3867818576285328,-0.38780837267743995,0.7745902303059727,0.07060270631426327,0.2391521695660868,1.201892648806891
precursor_context_score,23,24,-0.10013123268809997,-0.25951269337801264,0.15938146068991266,0.4248397357489112,0.3955208958208358,0.26062008982996865
physics_pillar_support_count,24,28,1.5,0.0,1.5,0.11611096713767528,0.4631073785242951,2.0
echem_shape_context_score,18,20,-0.2534922765311201,-0.17452495078777117,-0.07896732574334894,0.7345393469491452,0.510497900419916,0.1039963203262014
kinetic_transition_score,24,28,0.11786100230837243,0.20368560332102806,-0.08582460101265563,0.9050287682140321,0.6700659868026395,0.5018346514461051
